anjing,bagus,baik,banget,beri,bintang,bodoh,dajjal,dark,giat,gim,grafik,gratis,guna,hero,honor,imbang,jaring,jelek,joki,kalah,kamu,kasih,keren,legend,main,menang,moba,mobile,moonton,of,pakai,pindah,rank,saya,segi,senang,seperti,seru,sinyal,sistim,skin,sudah,suka,teman,terima,terus,tim,tolong,unduh
0.0,0.0,0.0,0.0,0.0,0.0,0.0,0.0,0.0,0.0,0.0,0.0,0.0,0.0,0.0,0.0,0.0,0.0,0.0,0.0,0.0,0.0,0.0,0.0,0.5355170180961751,0.0,0.0,0.0,0.0,0.0,0.0,0.0,0.0,0.0,0.0,0.0,0.0,0.0,0.0,0.0,0.0,0.0,0.4644829819038249,0.0,0.0,0.0,0.0,0.0,0.0,0.0
0.0,0.0,0.0,0.0,0.0,0.0,0.0,0.0,0.0,0.0,0.5077188064432561,0.0,0.0,0.0,0.0,0.0,0.0,0.0,0.0,0.0,0.0,0.0,0.0,0.0,0.0,0.0,0.0,0.0,0.0,0.4922811935567438,0.0,0.0,0.0,0.0,0.0,0.0,0.0,0.0,0.0,0.0,0.0,0.0,0.0,0.0,0.0,0.0,0.0,0.0,0.0,0.0
0.0,0.22417403406807948,0.0,0.0,0.0,0.0,0.0,0.0,0.3561431510093018,0.0,0.1783556114540224,0.0,0.0,0.0,0.0,0.0,0.0,0.0,0.0,0.0,0.0,0.0,0.0,0.0,0.0,0.2413272034685965,0.0,0.0,0.0,0.0,0.0,0.0,0.0,0.0,0.0,0.0,0.0,0.0,0.0,0.0,0.0,0.0,0.0,0.0,0.0,0.0,0.0,0.0,0.0,0.0
0.0,0.0,0.0,0.0,0.0,0.0,0.0,0.0,1.0,0.0,0.0,0.0,0.0,0.0,0.0,0.0,0.0,0.0,0.0,0.0,0.0,0.0,0.0,0.0,0.0,0.0,0.0,0.0,0.0,0.0,0.0,0.0,0.0,0.0,0.0,0.0,0.0,0.0,0.0,0.0,0.0,0.0,0.0,0.0,0.0,0.0,0.0,0.0,0.0,0.0
0.0,0.0,0.0,0.0,0.0,0.0,0.0,0.0,0.0,0.0,0.15335926476767417,0.0,0.0,0.0,0.0,0.0,0.37050169747966033,0.0,0.0,0.0,0.0,0.0,0.0,0.0,0.0,0.20750545604181042,0.0,0.0,0.0,0.0,0.0,0.0,0.0,0.0,0.0,0.0,0.0,0.0,0.26863358171085505,0.0,0.0,0.0,0.0,0.0,0.0,0.0,0.0,0.0,0.0,0.0
0.14615770347756574,0.0,0.0,0.0,0.0,0.0,0.12959049148378826,0.0,0.0,0.0,0.053640516710254306,0.0,0.0,0.0,0.0,0.0,0.2591809829675765,0.0,0.0,0.0,0.0,0.0,0.09186692173660516,0.0,0.0,0.0,0.0,0.0,0.0,0.10401906430888011,0.0,0.0,0.0,0.0,0.0,0.0,0.0,0.0,0.0,0.0,0.0,0.0,0.0,0.0,0.0,0.0,0.0,0.09186692173660516,0.12367739757872466,0.0
0.0,0.0,0.0,0.0,0.0,0.0,0.0,0.0,0.22692603279309584,0.0,0.0,0.0,0.0,0.0,0.0,0.3096529768031212,0.0,0.0,0.0,0.0,0.0,0.0,0.0,0.0,0.0,0.15376801360066175,0.0,0.0,0.0,0.0,0.3096529768031212,0.0,0.0,0.0,0.0,0.0,0.0,0.0,0.0,0.0,0.0,0.0,0.0,0.0,0.0,0.0,0.0,0.0,0.0,0.0
0.0,0.0,0.0,0.0,0.0,0.0,0.0,0.0,0.0,0.5470918952210345,0.4529081047789655,0.0,0.0,0.0,0.0,0.0,0.0,0.0,0.0,0.0,0.0,0.0,0.0,0.0,0.0,0.0,0.0,0.0,0.0,0.0,0.0,0.0,0.0,0.0,0.0,0.0,0.0,0.0,0.0,0.0,0.0,0.0,0.0,0.0,0.0,0.0,0.0,0.0,0.0,0.0
0.0,0.0,0.18764772517446282,0.0,0.0,0.0,0.0,0.0,0.0,0.0,0.0,0.0,0.0,0.0,0.0,0.0,0.0,0.0,0.0,0.0,0.0,0.0,0.0,0.0,0.0,0.0,0.0,0.0,0.0,0.0,0.0,0.21634495590360703,0.20490210150986454,0.0,0.0,0.0,0.0,0.0,0.0,0.0,0.0,0.0,0.0,0.0,0.0,0.0,0.0,0.0,0.39110521741206555,0.0
0.0,0.0,0.0,0.0,0.0,0.0,0.0,0.5675575137446088,0.0,0.0,0.0837350484115813,0.0,0.0,0.0,0.0,0.0,0.0,0.0,0.0,0.0,0.0,0.0,0.0,0.0,0.0,0.056649591511965636,0.0,0.0,0.0,0.0,0.0,0.10679669816025987,0.0,0.0,0.0,0.0,0.0,0.0,0.0,0.0,0.0,0.0,0.18526114817158426,0.0,0.0,0.0,0.0,0.0,0.0,0.0
0.0,0.0,0.0,0.0,0.18539004750250465,0.0,0.3511689022156072,0.0,0.0,0.0,0.0,0.0,0.0,0.0,0.0,0.0,0.0,0.0,0.0,0.0,0.0,0.0,0.0,0.0,0.0,0.0,0.0,0.0,0.0,0.1409372717265053,0.0,0.0,0.0,0.0,0.0,0.0,0.0,0.19803165993467922,0.0,0.0,0.0,0.0,0.0,0.0,0.0,0.0,0.0,0.12447211862070356,0.0,0.0
0.0,0.0,0.0,0.0,0.0,0.0,0.0,0.0,0.0,0.0,0.1453444165445255,0.0,0.0,0.0,0.0,0.0,0.35113857079659383,0.0,0.0,0.0,0.0,0.0,0.0,0.0,0.0,0.0,0.0,0.0,0.0,0.0,0.0,0.0,0.0,0.0,0.0,0.0,0.0,0.0,0.2545942774124484,0.0,0.0,0.0,0.0,0.0,0.0,0.0,0.0,0.24892273524643235,0.0,0.0
0.0,0.0,0.0,0.0,0.0,0.0,0.0,0.0,0.25284070031338696,0.0,0.0,0.0,0.0,0.0,0.0,0.0,0.0,0.0,0.3229904720268224,0.0,0.0,0.0,0.0,0.0,0.0,0.1713281273464038,0.0,0.0,0.0,0.0,0.0,0.0,0.0,0.0,0.0,0.0,0.0,0.0,0.0,0.0,0.25284070031338696,0.0,0.0,0.0,0.0,0.0,0.0,0.0,0.0,0.0
0.2688654551421103,0.0,0.0,0.0,0.0,0.0,0.23838912110593324,0.0,0.19703531262772658,0.0,0.09867479849650343,0.0,0.0,0.0,0.0,0.0,0.0,0.0,0.0,0.0,0.0,0.0,0.0,0.0,0.0,0.0,0.0,0.0,0.0,0.0,0.0,0.0,0.0,0.0,0.0,0.0,0.0,0.0,0.0,0.0,0.19703531262772658,0.0,0.0,0.0,0.0,0.0,0.0,0.0,0.0,0.0
0.0,0.0,0.0,0.0,0.0,0.0,0.0,0.0,0.0,0.0,0.0,0.0,0.0,0.0,0.0,0.0,0.0,0.0,0.0,0.0,0.0,0.0,0.0,0.0,0.0,0.0,0.0,0.0,0.0,0.0,0.0,0.0,0.0,0.0,0.0,0.0,0.0,0.0,0.0,0.0,0.0,0.0,0.0,0.0,0.0,0.0,0.0,0.0,0.0,0.0
0.0,0.11746614831183677,0.0,0.0,0.0,0.0,0.0,0.0,0.0,0.0,0.0,0.0,0.0,0.0,0.0,0.0,0.0,0.22578463463072662,0.0,0.0,0.0,0.0,0.0,0.0,0.0,0.0,0.0,0.0,0.0,0.0,0.0,0.0,0.0,0.0,0.215482291213355,0.0,0.0,0.0,0.0,0.0,0.18661735008970173,0.0,0.0,0.0,0.0,0.0,0.0,0.0,0.0,0.25464957575437996
0.0,0.0,0.0,0.0,0.0,0.0,0.0,0.0,0.39987243539964834,0.0,0.20025512920070346,0.0,0.0,0.0,0.0,0.0,0.0,0.0,0.0,0.0,0.0,0.0,0.0,0.0,0.0,0.0,0.0,0.0,0.0,0.0,0.0,0.0,0.0,0.0,0.0,0.0,0.0,0.0,0.0,0.0,0.39987243539964834,0.0,0.0,0.0,0.0,0.0,0.0,0.0,0.0,0.0
0.0,0.0,0.0,0.0,0.0,0.0,0.0,0.0,0.0,0.0,0.0,0.0,0.0,0.0,0.0,0.0,0.0,0.0,0.0,0.0,0.0,0.0,0.0,0.0,0.0,0.0,0.0,0.0,0.0,0.0,0.0,0.0,0.0,0.0,0.0,0.0,0.0,0.0,1.0,0.0,0.0,0.0,0.0,0.0,0.0,0.0,0.0,0.0,0.0,0.0
0.0,0.0,0.0,0.0,0.0,0.0,0.0,0.0,0.0,0.0,0.0,0.0,0.0,0.0,0.0,0.0,0.0,0.0,0.0,0.0,0.0,0.0,0.0,0.0,0.0,0.0,0.0,0.0,0.0,0.0,0.0,0.0,0.0,0.0,1.0,0.0,0.0,0.0,0.0,0.0,0.0,0.0,0.0,0.0,0.0,0.0,0.0,0.0,0.0,0.0
0.0,0.0,0.0,0.0,0.0,0.0,0.0,0.0,0.5,0.0,0.0,0.0,0.0,0.0,0.0,0.0,0.0,0.0,0.0,0.0,0.0,0.0,0.0,0.0,0.0,0.0,0.0,0.0,0.0,0.0,0.0,0.0,0.0,0.0,0.0,0.0,0.0,0.0,0.0,0.0,0.5,0.0,0.0,0.0,0.0,0.0,0.0,0.0,0.0,0.0
0.0,0.0,0.0,0.0,0.0,0.0,0.0,0.0,0.0,0.0,0.0,0.0,0.0,0.0,0.0,0.0,0.0,0.0,0.0,0.0,0.6106525178415968,0.0,0.09595588485937323,0.0,0.0,0.037904861127996806,0.1429176770617381,0.0,0.0,0.0,0.0,0.0,0.0,0.0,0.0,0.0,0.0,0.0,0.0,0.0,0.0,0.0,0.0,0.0,0.0,0.0,0.0,0.047977942429686615,0.06459111667960839,0.0
0.0,0.0,0.0,0.0,0.0,0.0,0.0,0.0,0.0,0.0,0.0,0.0,0.0,0.0,0.0,0.0,0.18071954930751954,0.0,0.0,0.0,0.0,0.0,0.0,0.0,0.0,0.0,0.0,0.0,0.0,0.0,0.0,0.0,0.18071954930751954,0.0,0.3449469678529636,0.0,0.0,0.0,0.0,0.0,0.0,0.0,0.16550153498780787,0.0,0.0,0.0,0.0,0.12811239854418935,0.0,0.0
0.0,0.0,0.0,0.0,0.5982984299825406,0.0,0.0,0.0,0.0,0.0,0.0,0.0,0.0,0.0,0.0,0.0,0.0,0.0,0.0,0.0,0.0,0.0,0.0,0.0,0.0,0.0,0.0,0.0,0.0,0.0,0.0,0.0,0.0,0.0,0.0,0.0,0.0,0.0,0.0,0.0,0.0,0.0,0.0,0.0,0.0,0.0,0.0,0.40170157001745943,0.0,0.0
0.0,0.0,0.0,0.36232817844553233,0.0,0.0,0.0,0.0,0.0,0.0,0.0,0.0,0.0,0.0,0.0,0.0,0.0,0.0,0.0,0.0,0.0,0.0,0.0,0.0,0.0,0.0,0.0,0.0,0.0,0.0,0.0,0.0,0.0,0.0,0.0,0.0,0.0,0.0,0.0,0.0,0.0,0.0,0.0,0.0,0.0,0.0,0.6376718215544678,0.0,0.0,0.0
0.0,0.0,0.0,0.0,0.0,0.0,0.0,0.0,0.0,0.0,0.0,0.0,0.0,0.0,0.0,0.0,0.0,0.0,0.0,0.0,0.0,0.0,0.3421929940867239,0.0,0.0,0.27034877410259595,0.0,0.0,0.0,0.38745823181068006,0.0,0.0,0.0,0.0,0.0,0.0,0.0,0.0,0.0,0.0,0.0,0.0,0.0,0.0,0.0,0.0,0.0,0.0,0.0,0.0
0.0,0.0,0.0,0.0,0.0,0.0,0.0,0.0,0.0,0.0,0.0,0.0,0.0,0.0,0.0,0.0,0.0,0.0,0.0,0.0,0.0,0.0,0.0,0.0,0.0,0.0,0.0,0.0,0.0,0.0,0.0,0.0,0.0,0.0,0.0,0.0,0.0,0.0,0.0,0.0,0.0,0.0,0.0,0.0,0.0,0.0,0.0,0.0,0.0,0.0
0.0,0.0,0.0,0.0,0.0,0.0,0.0,0.0,0.0,0.0,0.07310623918895068,0.0,0.0,0.0,0.0,0.0,0.0,0.0,0.0,0.0,0.0,0.0,0.0,0.0,0.0,0.09891768538005198,0.0,0.0,0.0,0.0,0.0,0.0,0.17661786366081753,0.0,0.0,0.0,0.0,0.0,0.0,0.6513582117701798,0.0,0.0,0.0,0.0,0.0,0.0,0.0,0.0,0.0,0.0
0.0,0.0,0.0,0.12469075834982901,0.0,0.20543818506199446,0.0,0.0,0.0,0.0,0.04026897991251447,0.0,0.0,0.0,0.0,0.0,0.0,0.0,0.10271909253099723,0.0,0.0,0.0,0.06896628617540312,0.0,0.0,0.0,0.0,0.0,0.0,0.0,0.0,0.0,0.0,0.10972343270273166,0.0,0.0,0.0,0.10972343270273166,0.0,0.0,0.0,0.0,0.0890938453587742,0.08040970102962096,0.0,0.0,0.0,0.06896628617540312,0.0,0.0
0.0,0.0,0.0,0.0,0.0,0.0,0.0,0.0,0.3499334603794419,0.0,0.0,0.0,0.0,0.0,0.0,0.0,0.0,0.0,0.0,0.0,0.0,0.0,0.0,0.0,0.0,0.0,0.0,0.0,0.0,0.0,0.0,0.0,0.0,0.0,0.0,0.0,0.0,0.0,0.0,0.0,0.3499334603794419,0.0,0.0,0.0,0.0,0.0,0.0,0.30013307924111615,0.0,0.0
0.0,0.0,0.0,0.0,0.0,0.0,0.0,0.0,0.5,0.0,0.0,0.0,0.0,0.0,0.0,0.0,0.0,0.0,0.0,0.0,0.0,0.0,0.0,0.0,0.0,0.0,0.0,0.0,0.0,0.0,0.0,0.0,0.0,0.0,0.0,0.0,0.0,0.0,0.0,0.0,0.5,0.0,0.0,0.0,0.0,0.0,0.0,0.0,0.0,0.0
0.15399183897416185,0.0,0.0,0.0,0.0,0.0,0.0,0.0,0.11285135205768691,0.0,0.056515678716888215,0.0,0.0,0.0,0.0,0.0,0.0,0.0,0.0,0.0,0.0,0.0,0.09679104065347242,0.0,0.0,0.0,0.0,0.0,0.0,0.10959454493450442,0.0,0.0,0.0,0.0,0.1303065759760634,0.0,0.0,0.0,0.0,0.0,0.11285135205768691,0.1303065759760634,0.0,0.0,0.0,0.0,0.0,0.09679104065347242,0.0,0.0
0.0,0.28122439660003196,0.0,0.0,0.0,0.0,0.0,0.0,0.0,0.0,0.22374557972291612,0.0,0.0,0.49503002367705196,0.0,0.0,0.0,0.0,0.0,0.0,0.0,0.0,0.0,0.0,0.0,0.0,0.0,0.0,0.0,0.0,0.0,0.0,0.0,0.0,0.0,0.0,0.0,0.0,0.0,0.0,0.0,0.0,0.0,0.0,0.0,0.0,0.0,0.0,0.0,0.0
0.0,0.0,0.0,0.0,0.0,0.0,0.0,0.0,0.0,0.0,0.0,0.0,0.0,0.0,0.0,0.0,0.0,0.0,0.0,0.0,0.0,0.0,0.0,0.0,0.0,0.0,0.0,0.0,0.0,0.0,0.0,0.0,0.0,0.0,0.0,0.0,0.0,0.0,0.0,0.0,0.0,0.0,0.0,0.0,0.0,0.0,0.0,0.0,0.0,0.0
0.0,0.0,0.0,0.0,0.0,0.0,0.0,0.0,0.0,0.0,0.0,0.0,0.0,0.0,0.0,0.0,0.0,0.0,0.0,0.0,0.0,0.0,0.0,0.0,0.0,0.0,0.0,0.0,0.0,0.0,0.0,0.0,0.0,0.0,0.0,0.0,0.0,0.0,0.0,0.0,0.0,0.0,0.0,0.0,0.0,0.0,0.0,0.0,0.0,0.0
0.0,0.0,0.0,0.0,0.0,0.3577435549077979,0.0,0.0,0.0,0.0,0.0,0.0,0.0,0.0,0.0,0.0,0.0,0.0,0.0,0.0,0.0,0.0,0.12009570848638465,0.0,0.0,0.0,0.0,0.0,0.0,0.0,0.0,0.0,0.0,0.19106891379475793,0.0,0.0,0.0,0.0,0.0,0.0,0.0,0.0,0.0,0.0,0.0,0.1694109435000589,0.0,0.0,0.16168087931100078,0.0
0.0,0.0,0.0,0.05968484383315842,0.0,0.0,0.0,0.0,0.0,0.0,0.0,0.0,0.0,0.0,0.0,0.0,0.0,0.0,0.0,0.0,0.10504107974590061,0.0,0.13204641866347241,0.0,0.0,0.10432296402088413,0.0,0.0,0.0,0.07475674951912577,0.0,0.0,0.0,0.21008215949180123,0.0,0.0,0.0,0.0,0.0,0.0,0.0769782863162844,0.0,0.0,0.0,0.0,0.0,0.10504107974590061,0.13204641866347241,0.0,0.0
0.0,0.0,0.0,0.0,0.0,0.0,0.0,0.0,0.0,0.16176795272697933,0.0,0.0,0.170801960260277,0.0,0.0,0.1824488216390516,0.0,0.0,0.0,0.0,0.0,0.0,0.0,0.0,0.0,0.0,0.0,0.0,0.0,0.0,0.1824488216390516,0.0,0.0,0.0,0.0,0.0,0.0,0.0,0.0,0.0,0.0,0.15438663111648002,0.1481458126181606,0.0,0.0,0.0,0.0,0.0,0.0,0.0
0.0,0.0,0.32174713475197314,0.0,0.0,0.0,0.0,0.0,0.0,0.0,0.0,0.0,0.0,0.0,0.0,0.0,0.0,0.0,0.0,0.0,0.0,0.0,0.0,0.0,0.0,0.0,0.0,0.0,0.0,0.2820055156685858,0.0,0.0,0.0,0.0,0.0,0.0,0.0,0.0,0.0,0.0,0.0,0.0,0.0,0.0,0.0,0.0,0.39624734957944113,0.0,0.0,0.0
0.0,1.0,0.0,0.0,0.0,0.0,0.0,0.0,0.0,0.0,0.0,0.0,0.0,0.0,0.0,0.0,0.0,0.0,0.0,0.0,0.0,0.0,0.0,0.0,0.0,0.0,0.0,0.0,0.0,0.0,0.0,0.0,0.0,0.0,0.0,0.0,0.0,0.0,0.0,0.0,0.0,0.0,0.0,0.0,0.0,0.0,0.0,0.0,0.0,0.0
0.0,0.0,0.0,0.0,0.0,0.0,0.0,0.0,0.0,0.0,0.025966589444386814,0.0,0.0662362073647531,0.0,0.0,0.07075280614533781,0.0,0.0,0.0662362073647531,0.26400294545201786,0.0,0.1542371891820924,0.04447143291216688,0.0,0.0,0.07026910298077668,0.0,0.0,0.0,0.0,0.07075280614533781,0.0,0.06273286117716598,0.0,0.0,0.0,0.0,0.0,0.0,0.0,0.0,0.0598704189190447,0.0,0.0,0.0,0.0,0.0,0.04447143291216688,0.0,0.0
0.0,0.0,0.0,0.0,0.0,0.0,0.0,0.0,0.0,0.0,0.0,0.0,0.0,1.0,0.0,0.0,0.0,0.0,0.0,0.0,0.0,0.0,0.0,0.0,0.0,0.0,0.0,0.0,0.0,0.0,0.0,0.0,0.0,0.0,0.0,0.0,0.0,0.0,0.0,0.0,0.0,0.0,0.0,0.0,0.0,0.0,0.0,0.0,0.0,0.0
0.0,0.0,0.0,0.0,0.0,0.0,0.0,0.0,0.0,0.0,0.0,0.0,0.0,0.0,0.0,0.0,0.0,0.0,0.0,0.0,0.0,0.0,0.0,0.0,0.0,0.0,0.0,0.0,0.0,0.0,0.0,0.0,0.0,0.0,0.0,0.0,0.0,0.0,0.0,0.0,0.0,0.0,0.0,0.0,0.0,0.0,0.0,0.0,0.0,0.0
0.0,0.0,0.0,0.0,0.22713978557258627,0.0,0.215125974192158,0.0,0.0,0.0,0.1780912824905487,0.0,0.0,0.0,0.0,0.0,0.0,0.0,0.22713978557258627,0.0,0.0,0.0,0.0,0.0,0.0,0.0,0.0,0.0,0.0,0.0,0.0,0.0,0.0,0.0,0.0,0.0,0.0,0.0,0.0,0.0,0.0,0.0,0.0,0.0,0.0,0.0,0.0,0.15250317217212087,0.0,0.0
0.0,0.0,0.0,0.0,0.0,0.0,0.0,0.0,0.0,0.0,0.0,0.0,0.0,0.0,0.0,0.0,0.0,0.0,0.0,0.0,0.0,0.0,0.0,0.0,0.0,0.4413556562873253,0.0,0.0,0.0,0.0,0.0,0.0,0.0,0.0,0.0,0.0,0.0,0.0,0.0,0.0,0.0,0.0,0.0,0.0,0.0,0.0,0.0,0.5586443437126747,0.0,0.0
0.0,0.0,0.0,0.0,0.0,0.0,0.0,0.0,0.0,0.0,0.0,0.0,0.0,0.0,0.0,0.0,0.0,0.511673595746684,0.0,0.0,0.0,0.0,0.0,0.0,0.0,0.0,0.0,0.0,0.0,0.0,0.0,0.0,0.0,0.0,0.0,0.0,0.0,0.0,0.0,0.0,0.0,0.0,0.0,0.0,0.0,0.0,0.0,0.0,0.4883264042533159,0.0
0.0,0.0,0.0,0.0,0.13010113832623282,0.0,0.12321986681190854,0.0,0.0,0.0,0.0,0.0,0.0,0.0,0.0,0.0,0.0,0.0,0.0,0.0,0.0,0.0,0.08735077497734949,0.0,0.0,0.13802255066655875,0.13010113832623282,0.0,0.0,0.09890552233643611,0.0,0.0,0.0,0.0,0.11759745860058239,0.0,0.0,0.0,0.0,0.0,0.0,0.0,0.0,0.0,0.0,0.0,0.0,0.17470154995469897,0.0,0.0
0.0,1.0,0.0,0.0,0.0,0.0,0.0,0.0,0.0,0.0,0.0,0.0,0.0,0.0,0.0,0.0,0.0,0.0,0.0,0.0,0.0,0.0,0.0,0.0,0.0,0.0,0.0,0.0,0.0,0.0,0.0,0.0,0.0,0.0,0.0,0.0,0.0,0.0,0.0,0.0,0.0,0.0,0.0,0.0,0.0,0.0,0.0,0.0,0.0,0.0
0.0,0.0,0.09311569152324152,0.06515975454615554,0.0,0.0,0.0,0.0,0.0,0.0,0.12626036836965515,0.0,0.0,0.0,0.0,0.0,0.0,0.2033555254551312,0.0,0.0,0.0,0.0,0.0,0.0,0.0,0.0,0.0,0.0,0.0,0.0,0.0,0.0,0.1016777627275656,0.0,0.0,0.0,0.0,0.11467653316876975,0.0,0.0,0.0,0.0,0.0,0.08403953029975354,0.0,0.0,0.0,0.0,0.0970383007409577,0.11467653316876975
0.0,0.1855184450842037,0.0,0.22851894403498044,0.0,0.0,0.0,0.0,0.0,0.0,0.1476007506692057,0.0,0.0,0.0,0.0,0.0,0.0,0.0,0.0,0.0,0.0,0.0,0.0,0.0,0.0,0.0,0.0,0.0,0.0,0.0,0.0,0.0,0.0,0.0,0.0,0.0,0.0,0.0,0.0,0.43836186021161017,0.0,0.0,0.0,0.0,0.0,0.0,0.0,0.0,0.0,0.0
0.0,0.0,0.0,0.10601976470339103,0.0,0.0,0.0,0.0,0.0,0.0,0.0684783352298253,0.0,0.0,0.0,0.0,0.0,0.0,0.0,0.0,0.0,0.0,0.0,0.35183631230804824,0.0,0.0,0.0,0.0,0.0,0.0,0.0,0.0,0.0,0.0,0.0,0.31577705850582355,0.0,0.0,0.0,0.0,0.0,0.0,0.0,0.0,0.0,0.15788852925291177,0.0,0.0,0.0,0.0,0.0
0.0,0.1471291472003857,0.0,0.0906157803870633,0.0,0.14929688219929002,0.0,0.0,0.0,0.0,0.11705775435019572,0.0,0.0,0.0,0.1168713368323105,0.0,0.0,0.0,0.0,0.0,0.0,0.0,0.10023892588171528,0.0,0.0,0.0,0.0,0.0,0.0,0.0,0.0,0.0,0.0,0.0,0.0,0.14929688219929002,0.0,0.0,0.0,0.0,0.0,0.0,0.12949329094974957,0.0,0.0,0.0,0.0,0.0,0.0,0.0
0.0,0.07594859227795757,0.13368980034498126,0.0,0.0,0.0,0.0,0.0,0.0,0.0,0.0,0.0,0.0,0.13368980034498126,0.12065880458027596,0.0,0.0,0.0,0.0,0.0,0.0,0.0,0.0,0.0,0.15413516968301186,0.08175996590332119,0.0,0.15413516968301186,0.1459826971824589,0.0,0.0,0.0,0.0,0.0,0.0,0.0,0.0,0.0,0.0,0.0,0.0,0.0,0.0,0.0,0.0,0.0,0.0,0.0,0.0,0.0
0.0,0.07604277745302264,0.1338555914001179,0.09366839613799331,0.0,0.0,0.0,0.0,0.0,0.0,0.0,0.0,0.0,0.0,0.0,0.0,0.0,0.0,0.0,0.0,0.0,0.0,0.0,0.0,0.15432631539756506,0.0,0.0,0.15432631539756506,0.1461637328735522,0.0,0.0,0.0,0.0,0.0,0.0,0.0,0.0,0.0,0.0,0.0,0.12080843567009186,0.0,0.0,0.12080843567009186,0.0,0.0,0.0,0.0,0.0,0.0
0.0,0.556913103325133,0.0,0.0,0.0,0.0,0.0,0.0,0.0,0.0,0.44308689667486695,0.0,0.0,0.0,0.0,0.0,0.0,0.0,0.0,0.0,0.0,0.0,0.0,0.0,0.0,0.0,0.0,0.0,0.0,0.0,0.0,0.0,0.0,0.0,0.0,0.0,0.0,0.0,0.0,0.0,0.0,0.0,0.0,0.0,0.0,0.0,0.0,0.0,0.0,0.0
0.0,0.0,0.0,0.0,0.0,0.0,0.0,0.0,0.0,0.0,0.41613012795251425,0.0,0.0,0.3068915854459516,0.2769782866015343,0.0,0.0,0.0,0.0,0.0,0.0,0.0,0.0,0.0,0.0,0.0,0.0,0.0,0.0,0.0,0.0,0.0,0.0,0.0,0.0,0.0,0.0,0.0,0.0,0.0,0.0,0.0,0.0,0.0,0.0,0.0,0.0,0.0,0.0,0.0
0.0,0.0,0.16625416856182162,0.0,0.0,0.0,0.0,0.0,0.0,0.0,0.15028840089296833,0.0,0.0,0.0,0.0,0.0,0.0,0.0,0.0,0.0,0.0,0.0,0.12869500155387675,0.0,0.0,0.0,0.0,0.19167965256630304,0.18154138821251514,0.0,0.0,0.0,0.0,0.0,0.0,0.0,0.0,0.0,0.0,0.0,0.0,0.0,0.0,0.0,0.0,0.18154138821251514,0.0,0.0,0.0,0.0
0.0,0.12012434250769694,0.0,0.0,0.0,0.0,0.0,0.0,0.0,0.0,0.09557240046796044,0.0,0.0,0.0,0.19084039786971702,0.0,0.0,0.0,0.0,0.0,0.0,0.0,0.0,0.0,0.0,0.12931592084872146,0.0,0.0,0.0,0.0,0.0,0.24378840160356452,0.0,0.0,0.0,0.0,0.0,0.0,0.0,0.0,0.0,0.2203585367023396,0.0,0.0,0.0,0.0,0.0,0.0,0.0,0.0
0.0,0.19185197928993022,0.0,0.11816025004537076,0.0,0.0,0.0,0.0,0.0,0.0,0.1526397881769318,0.15239670534486804,0.0,0.0,0.0,0.0,0.0,0.0,0.0,0.0,0.0,0.0,0.0,0.0,0.0,0.10326597778022177,0.0,0.0,0.0,0.14799864837464233,0.0,0.0,0.0,0.0,0.0,0.0,0.0,0.0,0.13368665098803503,0.0,0.0,0.0,0.0,0.0,0.0,0.0,0.0,0.0,0.0,0.0
0.0,0.0,0.2772015577523471,0.0,0.0,0.0,0.0,0.0,0.0,0.0,0.2505812588040384,0.0,0.0,0.0,0.0,0.0,0.0,0.0,0.0,0.0,0.0,0.0,0.0,0.0,0.0,0.1695266942705867,0.0,0.0,0.30269048917302765,0.0,0.0,0.0,0.0,0.0,0.0,0.0,0.0,0.0,0.0,0.0,0.0,0.0,0.0,0.0,0.0,0.0,0.0,0.0,0.0,0.0
0.0,0.10083140476767107,0.0,0.0,0.0,0.0,0.0,0.0,0.0,0.19381057616986175,0.0,0.0,0.20463401910547413,0.0,0.1601898915899736,0.0,0.0,0.0,0.0,0.0,0.0,0.0,0.0,0.15556692898935387,0.0,0.0,0.0,0.0,0.0,0.0,0.0,0.0,0.0,0.0,0.0,0.0,0.0,0.0,0.0,0.0,0.0,0.1849671793776655,0.0,0.0,0.0,0.0,0.0,0.0,0.0,0.0
0.0,0.11365457663179275,0.0,0.13999806771155118,0.0,0.0,0.0,0.0,0.0,0.0,0.09042497537228311,0.18056194249500926,0.0,0.0,0.0,0.0,0.0,0.0,0.0,0.0,0.0,0.0,0.0,0.0,0.0,0.24470221320662178,0.0,0.0,0.0,0.0,0.0,0.0,0.0,0.0,0.0,0.0,0.23065822458274213,0.0,0.0,0.0,0.0,0.0,0.0,0.0,0.0,0.0,0.0,0.0,0.0,0.0
0.0,0.0,0.0,0.0,0.0,0.0,0.0,0.0,0.0,0.4511417189719586,0.18673804411209866,0.0,0.0,0.0,0.0,0.0,0.0,0.0,0.0,0.0,0.0,0.0,0.0,0.3621202369159428,0.0,0.0,0.0,0.0,0.0,0.0,0.0,0.0,0.0,0.0,0.0,0.0,0.0,0.0,0.0,0.0,0.0,0.0,0.0,0.0,0.0,0.0,0.0,0.0,0.0,0.0
0.0,0.0,0.0,0.0,0.0,0.0,0.0,0.0,0.0,0.0,0.0,0.1331334477754496,0.0,0.0,0.0,0.0,0.1610755208380146,0.1610755208380146,0.0,0.0,0.0,0.0,0.0,0.1292913142684688,0.0,0.0,0.0,0.0,0.0,0.0,0.0,0.0,0.0,0.0,0.0,0.0,0.0,0.0,0.0,0.0,0.0,0.0,0.1475116889666946,0.0,0.15372579425223834,0.0,0.0,0.11418671306111963,0.0,0.0
0.0,0.14882654883342059,0.0,0.18332239561595773,0.0,0.15101929258821825,0.0,0.0,0.0,0.0,0.05920411395575698,0.0,0.0,0.0,0.0,0.0,0.0,0.0,0.0,0.0,0.0,0.0,0.1013953637441162,0.11480792719017331,0.0,0.08010716981821496,0.0,0.0,0.0,0.0,0.0,0.0,0.0,0.0,0.0,0.0,0.0,0.0,0.0,0.0,0.0,0.0,0.0,0.0,0.0,0.0,0.0,0.0,0.0,0.16131718825414193
0.0,0.0,0.0,0.0,0.0,0.0,0.0,0.0,0.0,0.0,0.20445155235621554,0.0,0.0,0.0,0.0,0.0,0.0,0.0,0.0,0.0,0.0,0.0,0.0,0.19823503274089477,0.0,0.13831838811434852,0.0,0.0,0.0,0.19823503274089477,0.0,0.0,0.0,0.0,0.0,0.0,0.2607599940476464,0.0,0.0,0.0,0.0,0.0,0.0,0.0,0.0,0.0,0.0,0.0,0.0,0.0
0.0,0.0,0.0,0.0,0.0,0.0,0.0,0.0,0.0,0.0,0.07745443851415543,0.0,0.0,0.0,0.0,0.0,0.0,0.0,0.0,0.0,0.0,0.0,0.1326516088494793,0.300397487381845,0.0,0.10480109311093913,0.1975726639700513,0.0,0.0,0.0,0.0,0.0,0.0,0.0,0.0,0.0,0.0,0.0,0.0,0.0,0.0,0.0,0.0,0.0,0.0,0.1871227081735297,0.0,0.0,0.0,0.0
0.0,0.0,0.0,0.10760026333749037,0.0,0.0,0.0,0.0,0.0,0.33580709814685517,0.06949918182007125,0.0,0.1772802018753381,0.0,0.0,0.0,0.0,0.0,0.0,0.0,0.0,0.0,0.0,0.0,0.0,0.1880741856705408,0.0,0.0,0.0,0.0,0.0,0.0,0.0,0.0,0.0,0.0,0.0,0.0,0.12173906914970428,0.0,0.0,0.0,0.0,0.0,0.0,0.0,0.0,0.0,0.0,0.0
0.0,0.0,0.0,0.0,0.0,0.0,0.0,0.0,0.0,0.0,0.0,0.0,0.0,0.18652114824104968,0.0,0.0,0.0,0.0,0.0,0.0,0.0,0.25037744295616465,0.0,0.0,0.21504608997408572,0.0,0.0,0.0,0.2036719348187721,0.0,0.0,0.0,0.0,0.0,0.0,0.0,0.0,0.0,0.0,0.0,0.0,0.0,0.0,0.0,0.0,0.0,0.0,0.14438338400992784,0.0,0.0
0.0,0.2714943096769149,0.0,0.0,0.0,0.0,0.0,0.0,0.0,0.0,0.10800210160381112,0.21566021089683285,0.0,0.0,0.21566021089683285,0.0,0.0,0.0,0.0,0.0,0.0,0.0,0.0,0.0,0.0,0.0,0.0,0.0,0.0,0.0,0.0,0.0,0.0,0.0,0.0,0.0,0.0,0.0,0.18918316692560835,0.0,0.0,0.0,0.0,0.0,0.0,0.0,0.0,0.0,0.0,0.0
0.0,0.11786203590757992,0.0,0.0,0.0,0.0,0.0,0.0,0.0,0.0,0.1875449631702517,0.0,0.0,0.0,0.0,0.0,0.0,0.0,0.0,0.0,0.0,0.0,0.0,0.0,0.0,0.12688050888201266,0.0,0.0,0.0,0.0,0.0,0.0,0.0,0.0,0.0,0.0,0.0,0.0,0.16425768363123588,0.0,0.0,0.0,0.0,0.18724629293930334,0.21620851546961664,0.0,0.0,0.0,0.0,0.0
0.0,0.0,0.0,0.137445209484663,0.0,0.0,0.0,0.0,0.0,0.0,0.1775521603383312,0.0,0.0,0.0,0.0,0.0,0.0,0.0,0.0,0.0,0.0,0.0,0.0,0.0,0.0,0.12012003988812817,0.0,0.0,0.0,0.0,0.0,0.0,0.0,0.0,0.0,0.0,0.0,0.0,0.1555056776140715,0.0,0.0,0.0,0.0,0.0,0.40937691267480614,0.0,0.0,0.0,0.0,0.0
0.0,0.13820845154652128,0.0,0.17024317657355148,0.0,0.0,0.0,0.0,0.0,0.0,0.10996033945754569,0.0,0.0,0.0,0.21957044951489005,0.0,0.0,0.0,0.0,0.0,0.0,0.0,0.0,0.2132338076317256,0.0,0.14878377527576578,0.0,0.0,0.0,0.0,0.0,0.0,0.0,0.0,0.0,0.0,0.0,0.0,0.0,0.0,0.0,0.0,0.0,0.0,0.0,0.0,0.0,0.0,0.0,0.0
0.0,0.22417403406807945,0.0,0.0,0.0,0.0,0.0,0.0,0.0,0.0,0.17835561145402237,0.3561431510093017,0.0,0.0,0.0,0.0,0.0,0.0,0.0,0.0,0.0,0.0,0.0,0.0,0.0,0.24132720346859649,0.0,0.0,0.0,0.0,0.0,0.0,0.0,0.0,0.0,0.0,0.0,0.0,0.0,0.0,0.0,0.0,0.0,0.0,0.0,0.0,0.0,0.0,0.0,0.0
0.0,0.15341260283459685,0.0,0.0,0.0,0.0,0.0,0.0,0.0,0.0,0.3661708461963267,0.0,0.0,0.0,0.0,0.0,0.0,0.0,0.0,0.0,0.0,0.0,0.0,0.23669141123474322,0.0,0.0,0.0,0.0,0.0,0.0,0.0,0.0,0.0,0.0,0.0,0.0,0.0,0.0,0.0,0.0,0.0,0.0,0.0,0.24372513973433327,0.0,0.0,0.0,0.0,0.0,0.0
0.0,0.08779457178040945,0.0,0.0,0.0,0.0,0.0,0.0,0.0,0.0,0.0,0.0,0.0,0.15454188709304814,0.13947839929530698,0.0,0.0,0.0,0.0,0.0,0.0,0.0,0.0,0.0,0.0,0.0,0.0,0.0,0.0,0.0,0.0,0.17817619540722168,0.0,0.0,0.0,0.0,0.0,0.0,0.0,0.0,0.0,0.1610521478333997,0.0,0.27895679859061395,0.0,0.0,0.0,0.0,0.0,0.0
0.0,0.0,0.0,0.0,0.0,0.0,0.0,0.0,0.0,0.0,0.10334649808437177,0.0,0.0,0.0,0.0,0.0,0.0,0.0,0.0,0.0,0.0,0.0,0.17699539888015714,0.0,0.0,0.0,0.0,0.0,0.0,0.0,0.0,0.0,0.0,0.0,0.0,0.0,0.26361875872063156,0.0,0.0,0.0,0.0,0.0,0.0,0.20636383219730117,0.0,0.24967551211753838,0.0,0.0,0.0,0.0
0.0,0.556913103325133,0.0,0.0,0.0,0.0,0.0,0.0,0.0,0.0,0.44308689667486695,0.0,0.0,0.0,0.0,0.0,0.0,0.0,0.0,0.0,0.0,0.0,0.0,0.0,0.0,0.0,0.0,0.0,0.0,0.0,0.0,0.0,0.0,0.0,0.0,0.0,0.0,0.0,0.0,0.0,0.0,0.0,0.0,0.0,0.0,0.0,0.0,0.0,0.0,0.0
0.0,0.4480717199933861,0.0,0.551928280006614,0.0,0.0,0.0,0.0,0.0,0.0,0.0,0.0,0.0,0.0,0.0,0.0,0.0,0.0,0.0,0.0,0.0,0.0,0.0,0.0,0.0,0.0,0.0,0.0,0.0,0.0,0.0,0.0,0.0,0.0,0.0,0.0,0.0,0.0,0.0,0.0,0.0,0.0,0.0,0.0,0.0,0.0,0.0,0.0,0.0,0.0
0.0,0.15047651220363556,0.0,0.1853547966900762,0.0,0.0,0.0,0.0,0.0,0.0,0.1197209590090061,0.2390606005368904,0.0,0.0,0.0,0.0,0.0,0.0,0.0,0.0,0.0,0.0,0.0,0.0,0.0,0.0,0.0,0.0,0.0,0.0,0.0,0.0,0.0,0.0,0.0,0.30538713156039166,0.0,0.0,0.0,0.0,0.0,0.0,0.0,0.0,0.0,0.0,0.0,0.0,0.0,0.0
0.0,0.0938213188223117,0.0,0.11556774689175878,0.0,0.0,0.0,0.0,0.0,0.0,0.07464539216390408,0.14905303487146482,0.0,0.0,0.0,0.0,0.0,0.0,0.0,0.0,0.0,0.0,0.0,0.0,0.0,0.10100026343928857,0.0,0.0,0.0,0.14475147377494196,0.0,0.0,0.0,0.0,0.0,0.19040728027763607,0.0,0.0,0.13075348975869414,0.0,0.0,0.0,0.0,0.0,0.0,0.0,0.0,0.0,0.0,0.0
0.0,0.556913103325133,0.0,0.0,0.0,0.0,0.0,0.0,0.0,0.0,0.44308689667486695,0.0,0.0,0.0,0.0,0.0,0.0,0.0,0.0,0.0,0.0,0.0,0.0,0.0,0.0,0.0,0.0,0.0,0.0,0.0,0.0,0.0,0.0,0.0,0.0,0.0,0.0,0.0,0.0,0.0,0.0,0.0,0.0,0.0,0.0,0.0,0.0,0.0,0.0,0.0
0.0,0.2728358365165603,0.0,0.0,0.0,0.0,0.0,0.0,0.0,0.0,0.0,0.0,0.0,0.0,0.0,0.0,0.0,0.0,0.0,0.0,0.0,0.0,0.0,0.0,0.0,0.29371247078758855,0.0,0.0,0.0,0.0,0.0,0.0,0.0,0.0,0.0,0.0,0.0,0.0,0.0,0.0,0.0,0.0,0.0,0.43345169269585127,0.0,0.0,0.0,0.0,0.0,0.0
0.0,0.4148967826986887,0.0,0.2555319354438897,0.0,0.0,0.0,0.0,0.0,0.0,0.0,0.3295712818574216,0.0,0.0,0.0,0.0,0.0,0.0,0.0,0.0,0.0,0.0,0.0,0.0,0.0,0.0,0.0,0.0,0.0,0.0,0.0,0.0,0.0,0.0,0.0,0.0,0.0,0.0,0.0,0.0,0.0,0.0,0.0,0.0,0.0,0.0,0.0,0.0,0.0,0.0
0.0,0.0,0.0,0.0,0.0,0.0,0.0,0.0,0.0,0.0,0.36341674046713246,0.0,0.0,0.0,0.0,0.0,0.0,0.0,0.0,0.0,0.0,0.0,0.0,0.0,0.0,0.0,0.0,0.0,0.0,0.0,0.0,0.0,0.0,0.0,0.0,0.0,0.0,0.0,0.6365832595328675,0.0,0.0,0.0,0.0,0.0,0.0,0.0,0.0,0.0,0.0,0.0
0.0,1.0,0.0,0.0,0.0,0.0,0.0,0.0,0.0,0.0,0.0,0.0,0.0,0.0,0.0,0.0,0.0,0.0,0.0,0.0,0.0,0.0,0.0,0.0,0.0,0.0,0.0,0.0,0.0,0.0,0.0,0.0,0.0,0.0,0.0,0.0,0.0,0.0,0.0,0.0,0.0,0.0,0.0,0.0,0.0,0.0,0.0,0.0,0.0,0.0
0.0,0.556913103325133,0.0,0.0,0.0,0.0,0.0,0.0,0.0,0.0,0.44308689667486695,0.0,0.0,0.0,0.0,0.0,0.0,0.0,0.0,0.0,0.0,0.0,0.0,0.0,0.0,0.0,0.0,0.0,0.0,0.0,0.0,0.0,0.0,0.0,0.0,0.0,0.0,0.0,0.0,0.0,0.0,0.0,0.0,0.0,0.0,0.0,0.0,0.0,0.0,0.0
0.0,0.0,0.0,0.0,0.0,0.0,0.0,0.0,0.0,0.0,0.12982829765290196,0.0,0.0,0.2872410053448084,0.0,0.0,0.0,0.0,0.0,0.0,0.0,0.0,0.0,0.2517615204121998,0.0,0.0,0.0,0.3311691765900899,0.0,0.0,0.0,0.0,0.0,0.0,0.0,0.0,0.0,0.0,0.0,0.0,0.0,0.0,0.0,0.0,0.0,0.0,0.0,0.0,0.0,0.0
0.0,0.0,0.0,0.0,0.0,0.0,0.0,0.0,0.0,0.0,0.33368760412473486,0.0,0.0,0.0,0.0,0.0,0.0,0.0,0.0,0.0,0.0,0.0,0.0,0.0,0.0,0.0,0.0,0.0,0.0,0.0,0.0,0.0,0.0,0.0,0.0,0.0,0.0,0.0,0.0,0.0,0.0,0.0,0.0,0.6663123958752651,0.0,0.0,0.0,0.0,0.0,0.0
0.0,0.38629570144159603,0.0,0.0,0.0,0.0,0.0,0.0,0.0,0.0,0.0,0.6137042985584039,0.0,0.0,0.0,0.0,0.0,0.0,0.0,0.0,0.0,0.0,0.0,0.0,0.0,0.0,0.0,0.0,0.0,0.0,0.0,0.0,0.0,0.0,0.0,0.0,0.0,0.0,0.0,0.0,0.0,0.0,0.0,0.0,0.0,0.0,0.0,0.0,0.0,0.0
0.0,0.22738801021324118,0.0,0.0,0.0,0.0,0.0,0.0,0.0,0.0,0.0,0.18062458213712057,0.0,0.0,0.0,0.0,0.0,0.21853410341297072,0.0,0.0,0.0,0.0,0.15491920082369676,0.0,0.0,0.0,0.0,0.0,0.0,0.0,0.0,0.0,0.0,0.0,0.0,0.0,0.0,0.0,0.0,0.0,0.0,0.0,0.0,0.0,0.0,0.21853410341297072,0.0,0.0,0.0,0.0
0.0,0.0,0.0,0.3600615656483145,0.0,0.0,0.0,0.0,0.0,0.0,0.23256433991172962,0.0,0.0,0.0,0.0,0.0,0.0,0.0,0.0,0.0,0.0,0.0,0.0,0.0,0.0,0.0,0.0,0.0,0.0,0.0,0.0,0.0,0.0,0.0,0.0,0.0,0.0,0.0,0.4073740944399559,0.0,0.0,0.0,0.0,0.0,0.0,0.0,0.0,0.0,0.0,0.0
0.0,0.0,0.0,0.0,0.0,0.0,0.0,0.0,0.0,0.0,0.36341674046713246,0.0,0.0,0.0,0.0,0.0,0.0,0.0,0.0,0.0,0.0,0.0,0.0,0.0,0.0,0.0,0.0,0.0,0.0,0.0,0.0,0.0,0.0,0.0,0.0,0.0,0.0,0.0,0.6365832595328675,0.0,0.0,0.0,0.0,0.0,0.0,0.0,0.0,0.0,0.0,0.0
0.0,0.0,0.0,0.0,0.0,0.0,0.0,0.0,0.0,0.0,0.0810154598163385,0.0,0.0,0.0,0.16177288117955393,0.0,0.0,0.0,0.0,0.0,0.0,0.0,0.0,0.1571042346621954,0.0,0.0,0.0,0.0,0.0,0.0,0.0,0.0,0.0,0.0,0.0,0.20665620364347917,0.20665620364347917,0.0,0.0,0.0,0.0,0.0,0.0,0.0,0.18679501705495383,0.0,0.0,0.0,0.0,0.0
0.0,0.0,0.0,0.0,0.0,0.0,0.0,0.0,0.0,0.0,0.3702997630641551,0.0,0.0,0.0,0.2464733673745626,0.0,0.0,0.0,0.0,0.0,0.0,0.0,0.0,0.0,0.0,0.1670135402279228,0.0,0.0,0.0,0.0,0.0,0.0,0.0,0.0,0.0,0.0,0.0,0.0,0.2162133293333594,0.0,0.0,0.0,0.0,0.0,0.0,0.0,0.0,0.0,0.0,0.0
0.0,0.0,0.0,0.0,0.0,0.0,0.0,0.0,0.0,0.0,0.0,0.0,0.0,0.0,0.0,0.0,0.0,0.0,0.0,0.0,0.0,0.0,0.0,1.0,0.0,0.0,0.0,0.0,0.0,0.0,0.0,0.0,0.0,0.0,0.0,0.0,0.0,0.0,0.0,0.0,0.0,0.0,0.0,0.0,0.0,0.0,0.0,0.0,0.0,0.0
0.0,1.0,0.0,0.0,0.0,0.0,0.0,0.0,0.0,0.0,0.0,0.0,0.0,0.0,0.0,0.0,0.0,0.0,0.0,0.0,0.0,0.0,0.0,0.0,0.0,0.0,0.0,0.0,0.0,0.0,0.0,0.0,0.0,0.0,0.0,0.0,0.0,0.0,0.0,0.0,0.0,0.0,0.0,0.0,0.0,0.0,0.0,0.0,0.0,0.0
0.0,0.0,0.0,0.09250008485373064,0.0,0.0,0.0,0.0,0.0,0.0,0.059745952437474624,0.0,0.0,0.0,0.0,0.0,0.0,0.0,0.0,0.0,0.16279356978438328,0.0,0.0,0.0,0.0,0.0808403139254207,0.15240142735451545,0.0,0.0,0.0,0.0,0.0,0.0,0.0,0.0,0.0,0.0,0.0,0.3139641263992599,0.0,0.0,0.0,0.0,0.0,0.1377545252452154,0.0,0.0,0.0,0.0,0.0
0.0,0.0,0.0,0.4691749215913425,0.0,0.0,0.0,0.0,0.0,0.0,0.0,0.0,0.0,0.0,0.0,0.0,0.0,0.0,0.0,0.0,0.0,0.0,0.0,0.0,0.0,0.0,0.0,0.0,0.0,0.0,0.0,0.0,0.0,0.0,0.0,0.0,0.0,0.0,0.5308250784086574,0.0,0.0,0.0,0.0,0.0,0.0,0.0,0.0,0.0,0.0,0.0
0.0,0.556913103325133,0.0,0.0,0.0,0.0,0.0,0.0,0.0,0.0,0.44308689667486695,0.0,0.0,0.0,0.0,0.0,0.0,0.0,0.0,0.0,0.0,0.0,0.0,0.0,0.0,0.0,0.0,0.0,0.0,0.0,0.0,0.0,0.0,0.0,0.0,0.0,0.0,0.0,0.0,0.0,0.0,0.0,0.0,0.0,0.0,0.0,0.0,0.0,0.0,0.0
0.0,0.0,0.0,0.0,0.0,0.0,0.0,0.0,0.0,0.0,0.0,0.0,0.0,0.0,0.0,0.0,0.0,0.0,0.0,0.0,0.0,0.0,0.0,0.0,0.0,0.0,0.0,0.0,0.0,0.0,0.0,0.0,0.0,0.0,0.0,0.0,0.0,0.0,0.0,0.0,0.0,0.0,0.0,1.0,0.0,0.0,0.0,0.0,0.0,0.0
